{
    "h": 0.1,
    "k": 0.0001,
    "x_dom": [
        0,
        1
    ],
    "y_dom": [
        0,
        1
    ],
    "t_dom": [
        0,
        10
    ],
    "center": [
        0.7004081777700895,
        0.5003648344252694
    ],
    "radius": 0.1681794703584455
}