{
    "h": 0.05,
    "k": 0.0005,
    "x_dom": [
        0,
        1
    ],
    "y_dom": [
        0,
        1
    ],
    "t_dom": [
        0,
        10
    ],
    "center": [
        0.5922673051094103,
        0.23689047801971486
    ],
    "radius": 0.18678951308357375
}