{
    "h": 0.1,
    "k": 0.0001,
    "x_dom": [
        0,
        1
    ],
    "y_dom": [
        0,
        1
    ],
    "t_dom": [
        0,
        10
    ],
    "center": [
        0.5883568895159185,
        0.3995933273160658
    ],
    "radius": 0.11471486987702084
}