{
    "h": 0.05,
    "k": 0.001,
    "x_dom": [
        0,
        1
    ],
    "y_dom": [
        0,
        1
    ],
    "t_dom": [
        0,
        10
    ],
    "center": [
        0.3745401188473625,
        0.9507143064099162
    ],
    "radius": 0.1731993941811405
}