{
    "h": 0.05,
    "k": 0.0001,
    "x_dom": [
        0,
        1
    ],
    "y_dom": [
        0,
        1
    ],
    "t_dom": [
        0,
        10
    ],
    "center": [
        0.996597957717456,
        0.7968640025110959
    ],
    "radius": 0.13097810518729616
}