{
    "h": 0.05,
    "k": 0.01,
    "x_dom": [
        0,
        1
    ],
    "y_dom": [
        0,
        1
    ],
    "t_dom": [
        0,
        10
    ],
    "center": [
        0.4271111513812307,
        0.34902375086499426
    ],
    "radius": 0.1314035895867461
}