{
    "h": 0.1,
    "k": 0.0001,
    "x_dom": [
        0,
        1
    ],
    "y_dom": [
        0,
        1
    ],
    "t_dom": [
        0,
        5
    ],
    "center": [
        0.9676118796895639,
        0.18109906794808028
    ],
    "radius": 0.19371338752096784
}