{
    "h": 0.05,
    "k": 0.001,
    "x_dom": [
        0,
        1
    ],
    "y_dom": [
        0,
        1
    ],
    "t_dom": [
        0,
        15
    ],
    "center": [
        0.4932964803581853,
        0.8439856285696693
    ],
    "radius": 0.14072821606267294
}