{
    "h": 0.05,
    "k": 0.005,
    "x_dom": [
        0,
        1
    ],
    "y_dom": [
        0,
        1
    ],
    "t_dom": [
        0,
        10
    ],
    "center": [
        0.9103597229737291,
        0.1959341555936196
    ],
    "radius": 0.192193981198564
}