{
    "h": 0.1,
    "k": 0.0001,
    "x_dom": [
        0,
        1
    ],
    "y_dom": [
        0,
        1
    ],
    "t_dom": [
        0,
        10
    ],
    "center": [
        0.1628537299040811,
        0.3976758587104182
    ],
    "radius": 0.12752324709452192
}