{
    "h": 0.05,
    "k": 0.001,
    "x_dom": [
        0,
        1
    ],
    "y_dom": [
        0,
        1
    ],
    "t_dom": [
        0,
        10
    ],
    "center": [
        0.21340642567000245,
        0.36718020812958063
    ],
    "radius": 0.17159657665698785
}