{
    "h": 0.05,
    "k": 0.001,
    "x_dom": [
        0,
        1
    ],
    "y_dom": [
        0,
        1
    ],
    "t_dom": [
        0,
        10
    ],
    "center": [
        0.5088824334037579,
        0.4266206786237161
    ],
    "radius": 0.1803174162539329
}