{
    "h": 0.1,
    "k": 0.0001,
    "x_dom": [
        0,
        1
    ],
    "y_dom": [
        0,
        1
    ],
    "t_dom": [
        0,
        10
    ],
    "center": [
        0.8667046669302952,
        0.2118316172095771
    ],
    "radius": 0.11312956098704277
}