{
    "h": 0.05,
    "k": 0.0001,
    "x_dom": [
        0,
        1
    ],
    "y_dom": [
        0,
        1
    ],
    "t_dom": [
        0,
        10
    ],
    "center": [
        0.7553353756573141,
        0.6004801484065408
    ],
    "radius": 0.18023068608974066
}