{
    "h": 0.05,
    "k": 0.0001,
    "x_dom": [
        0,
        1
    ],
    "y_dom": [
        0,
        1
    ],
    "t_dom": [
        0,
        10
    ],
    "center": [
        0.7598342696274601,
        0.5825640664342719
    ],
    "radius": 0.1303108598684485
}